id,first_name,last_name,email,phone,designation
1,Claudian,Brownfield,cbrownfield0@bbc.co.uk,467 572 2807,1
2,Nils,Cosford,ncosford1@furl.net,557 680 1418,2
3,Law,Volet,lvolet2@freewebs.com,124 898 8543,3
4,Daisie,Gallehock,dgallehock3@spotify.com,576 133 9243,1
5,Tiffi,Weavill,tweavill4@java.com,213 664 7113,2
6,Maren,Brimilcombe,mbrimilcombe5@geocities.com,146 691 8620,3
7,Florette,Lembcke,flembcke6@meetup.com,558 864 8125,1
8,Alexis,Petrovic,apetrovic7@spotify.com,952 401 1595,2
9,Marena,Westover,mwestover8@narod.ru,388 304 6489,3
10,Hal,Amphlett,hamphlett9@intel.com,225 704 0615,1
11,Dalis,Halsall,dhalsalla@sina.com.cn,929 299 4808,2
12,Isobel,Barock,ibarockb@twitter.com,819 958 2456,3
13,Germaine,Doddemeede,gdoddemeedec@geocities.com,761 583 4500,1
14,Phylys,Mussett,pmussettd@addthis.com,638 242 1095,2
15,Happy,Parlatt,hparlatte@joomla.org,722 354 2878,3
16,Brandice,Sibbons,bsibbonsf@census.gov,138 702 6186,1
17,Kristoforo,MacFadzean,kmacfadzeang@spiegel.de,760 990 8721,2
18,Cori,Cassam,ccassamh@indiegogo.com,174 450 1045,3
19,Kacy,Southerden,ksoutherdeni@ovh.net,683 287 7176,1
20,Yetta,Awton,yawtonj@amazon.co.uk,497 525 0038,2
21,Shellie,Delucia,sdeluciak@google.ru,513 809 3281,3
22,Noel,Duignan,nduignanl@trellian.com,860 862 6997,1
23,Delmer,Karle,dkarlem@weather.com,111 211 1309,2
24,Lillian,Rignoldes,lrignoldesn@auda.org.au,737 479 6351,3
25,Terence,Otton,tottono@earthlink.net,971 437 8531,1
26,Tan,Findley,tfindleyp@accuweather.com,652 893 4964,2
27,Rosalinde,Chivrall,rchivrallq@scribd.com,919 346 3936,3
28,Ardelia,Waycot,awaycotr@icio.us,215 593 7791,1
29,Gilberta,Fussie,gfussies@wordpress.com,668 281 3536,2
30,Tara,Paula,tpaulat@sun.com,566 314 1543,3
31,Padriac,Eykelbosch,peykelboschu@biblegateway.com,822 247 2369,1
32,Lucila,Featherbie,lfeatherbiev@bizjournals.com,829 707 2728,2
33,Faith,Edridge,fedridgew@hubpages.com,670 807 4880,3
34,Waylan,Hemeret,whemeretx@google.cn,423 769 9582,1
35,Jarvis,Bolf,jbolfy@fastcompany.com,132 190 0607,2
36,Em,Polini,epoliniz@google.ca,473 202 7436,3
37,Muhammad,Sieb,msieb10@ucsd.edu,284 217 3049,1
38,Holly,Drowsfield,hdrowsfield11@yahoo.co.jp,980 389 6677,2
39,Leopold,Thorby,lthorby12@netscape.com,914 446 8479,3
40,Lowell,Wharf,lwharf13@seattletimes.com,339 340 0498,1
41,Cornie,Kerley,ckerley14@wunderground.com,334 834 4726,2
42,Chadd,Maiklem,cmaiklem15@bravesites.com,860 106 8746,3
43,Carmine,Leisk,cleisk16@issuu.com,750 934 9344,1
44,Mitchell,Matis,mmatis17@xing.com,956 374 5825,2
45,Maible,Burchmore,mburchmore18@skyrock.com,834 195 2639,3
46,Udall,Rummins,urummins19@jigsy.com,533 927 0116,1
47,Dougie,Collum,dcollum1a@unblog.fr,796 200 7463,2
48,Urson,Bendley,ubendley1b@ifeng.com,626 795 8362,3
49,Kimberli,Jewis,kjewis1c@wix.com,930 258 4109,1
50,Anny,Byers,abyers1d@simplemachines.org,946 617 2698,2
51,Jenine,D'Oyley,jdoyley1e@ustream.tv,804 241 6801,3
52,Jobye,Enocksson,jenocksson1f@altervista.org,206 240 7921,1
53,Hanna,Hutchinson,hhutchinson1g@liveinternet.ru,351 853 0220,2
54,Berkley,Hedaux,bhedaux1h@goodreads.com,646 929 4154,3
55,Arny,Kirckman,akirckman1i@cbc.ca,708 601 7338,1
56,Roz,McVity,rmcvity1j@angelfire.com,957 431 2207,2
57,Astrid,Smeeton,asmeeton1k@posterous.com,382 432 0474,3
58,Tracey,Durban,tdurban1l@ezinearticles.com,258 126 9729,1
59,Ansell,Pessolt,apessolt1m@mediafire.com,559 475 7751,2
60,Marris,Hamberston,mhamberston1n@accuweather.com,710 949 1546,3
61,Cathrin,Itzchaki,citzchaki1o@wordpress.com,986 483 8003,1
62,Tabor,De Fraine,tdefraine1p@opera.com,422 431 6147,2
63,Lorianna,Rigolle,lrigolle1q@illinois.edu,835 460 0468,3
64,Kira,Netti,knetti1r@dell.com,671 919 2160,1
65,Karlik,Tulk,ktulk1s@amazon.co.jp,567 345 3266,2
66,Fayre,Fotherby,ffotherby1t@nymag.com,445 660 8766,3
67,Xenia,Prantl,xprantl1u@ucsd.edu,966 236 2454,1
68,Haydon,Brandi,hbrandi1v@pinterest.com,842 940 9883,2
69,Elmer,Shovelbottom,eshovelbottom1w@moonfruit.com,841 617 2552,3
70,Ashlie,De Brett,adebrett1x@adobe.com,607 657 9368,1
71,Norry,Rentcome,nrentcome1y@house.gov,745 949 4710,2
72,Gayle,Pain,gpain1z@simplemachines.org,469 862 6350,3
73,Nero,Olivi,nolivi20@123-reg.co.uk,313 898 6425,1
74,Vernice,Jasik,vjasik21@census.gov,465 190 5839,2
75,Rosalinde,Hambribe,rhambribe22@ft.com,360 353 5536,3
76,Eli,Pharoah,epharoah23@amazon.co.jp,784 444 6282,1
77,Carlie,Behnecken,cbehnecken24@mashable.com,669 264 9558,2
78,Orran,Szymanski,oszymanski25@lycos.com,276 477 3490,3
79,Shannah,O'Sesnane,sosesnane26@nationalgeographic.com,231 197 0418,1
80,Barny,Noller,bnoller27@csmonitor.com,902 235 5535,2
81,Kittie,Bodham,kbodham28@qq.com,394 647 9805,3
82,Angelo,Simmonett,asimmonett29@loc.gov,328 251 6434,1
83,Vivyan,Tulip,vtulip2a@merriam-webster.com,700 529 2954,2
84,Orsola,Wadsworth,owadsworth2b@alibaba.com,668 915 5078,3
85,Hunt,Cattellion,hcattellion2c@privacy.gov.au,237 612 6591,1
86,Yoshi,McKinley,ymckinley2d@accuweather.com,135 579 9070,2
87,Willie,Traut,wtraut2e@prweb.com,709 320 9280,3
88,Drucy,Helks,dhelks2f@dion.ne.jp,363 237 1639,1
89,Rob,Signoret,rsignoret2g@go.com,297 601 2940,2
90,Florrie,Adam,fadam2h@w3.org,729 258 2065,3
91,Averell,Andreu,aandreu2i@psu.edu,667 406 4202,1
92,Talya,Constable,tconstable2j@ihg.com,411 780 0059,2
93,Keriann,Crookshank,kcrookshank2k@people.com.cn,649 994 0731,3
94,Jayme,Kingsman,jkingsman2l@state.gov,810 183 5284,1
95,Leanora,Pollie,lpollie2m@example.com,904 626 8011,2
96,Hobey,Napoleon,hnapoleon2n@youku.com,428 929 6524,3
97,Ermina,Cromley,ecromley2o@de.vu,511 153 1991,1
98,Dedie,Cottell,dcottell2p@themeforest.net,725 703 9620,2
99,Anatollo,Beves,abeves2q@yahoo.co.jp,229 147 2254,3
100,Dulcy,Besson,dbesson2r@elpais.com,876 106 6581,1
101,Sharl,Sarson,ssarson2s@topsy.com,797 281 2418,2
102,Deeanne,McCloughen,dmccloughen2t@tripod.com,598 382 6313,3
103,Dannel,McNeill,dmcneill2u@irs.gov,683 452 8045,1
104,Lorene,Stapley,lstapley2v@unc.edu,319 301 2517,2
105,Savina,Rhoades,srhoades2w@about.com,871 624 0156,3
106,Gerri,Portam,gportam2x@lulu.com,538 770 8594,1
107,Swen,Mollison,smollison2y@flavors.me,886 211 4327,2
108,Golda,Musslewhite,gmusslewhite2z@toplist.cz,795 538 2103,3
109,Aurlie,La Batie,alabatie30@studiopress.com,839 745 2043,1
110,Talia,Kall,tkall31@washington.edu,515 970 8327,2
111,Nicolai,Hartopp,nhartopp32@merriam-webster.com,458 334 0295,3
112,Vinnie,Kettell,vkettell33@sphinn.com,220 843 9741,1
113,Dennis,Busch,dbusch34@digg.com,799 930 3472,2
114,Carlynn,Rudd,crudd35@wunderground.com,758 682 7934,3
115,Jakie,Domenichelli,jdomenichelli36@cpanel.net,291 930 6217,1
116,Amber,Moorwood,amoorwood37@vk.com,829 333 1563,2
117,Mellicent,Jakubowicz,mjakubowicz38@blogger.com,760 807 4191,3
118,Holly,Basnett,hbasnett39@nydailynews.com,833 803 9592,1
119,Earvin,Bricket,ebricket3a@godaddy.com,411 695 0782,2
120,Vilma,Shalcras,vshalcras3b@who.int,888 588 0819,3
121,Anestassia,Streatley,astreatley3c@salon.com,681 167 5501,1
122,Aprilette,Hubbert,ahubbert3d@walmart.com,218 619 9105,2
123,Gail,Gallen,ggallen3e@nasa.gov,563 370 4248,3
124,Colby,Swinn,cswinn3f@dagondesign.com,485 600 3954,1
125,Lauraine,Arrigucci,larrigucci3g@lycos.com,473 781 0546,2
126,Emmott,Champkin,echampkin3h@home.pl,163 245 8703,3
127,Anni,Ugoletti,augoletti3i@booking.com,835 541 6500,1
128,Lock,Linnell,llinnell3j@hao123.com,751 692 3687,2
129,Neely,Lampke,nlampke3k@nhs.uk,111 871 4304,3
130,Far,Floris,ffloris3l@hostgator.com,690 768 8737,1
131,Stuart,Blader,sblader3m@wikia.com,288 622 6663,2
132,Courtenay,Spadazzi,cspadazzi3n@acquirethisname.com,815 926 9090,3
133,Hyacinth,Grimbaldeston,hgrimbaldeston3o@hp.com,775 728 5787,1
134,Eileen,Loades,eloades3p@mlb.com,497 394 2326,2
135,Gram,Imlock,gimlock3q@photobucket.com,487 533 6384,3
136,Avril,Thorald,athorald3r@pbs.org,598 650 4592,1
137,Ella,Alway,ealway3s@census.gov,243 845 8434,2
138,Hurleigh,Crake,hcrake3t@narod.ru,434 997 0181,3
139,Elyn,Pauncefort,epauncefort3u@gov.uk,542 645 4048,1
140,Cathie,Laybourne,claybourne3v@google.co.uk,394 690 2137,2
141,Antonella,Gut,agut3w@discuz.net,819 465 8042,3
142,Fayette,Brislawn,fbrislawn3x@example.com,262 516 6035,1
143,Chip,Dudman,cdudman3y@123-reg.co.uk,122 934 0731,2
144,Menard,Ingman,mingman3z@eventbrite.com,250 118 7426,3
145,Aimee,Metham,ametham40@google.com.hk,495 876 7176,1
146,Ealasaid,Leynham,eleynham41@sciencedaily.com,999 612 2434,2
147,Dave,Smullin,dsmullin42@zdnet.com,873 464 5459,3
148,Zacherie,Vamplus,zvamplus43@prnewswire.com,900 370 1724,1
149,Della,Skillman,dskillman44@taobao.com,157 306 1030,2
150,Beale,MacAlees,bmacalees45@people.com.cn,785 184 4332,3
151,Gamaliel,Yakuntzov,gyakuntzov46@ow.ly,928 233 3383,1
152,Jude,Arguile,jarguile47@aboutads.info,819 607 7224,2
153,Jeramey,Dykes,jdykes48@soundcloud.com,236 127 5701,3
154,Sherri,Hearnden,shearnden49@yellowpages.com,170 103 1158,1
155,Ronalda,Morforth,rmorforth4a@tripadvisor.com,306 604 6120,2
156,Aurie,Dickings,adickings4b@nih.gov,984 398 6779,3
157,Alberto,Jouning,ajouning4c@phoca.cz,650 611 5185,1
158,Annette,Mazey,amazey4d@marketwatch.com,496 924 7448,2
159,Porty,Perrone,pperrone4e@webs.com,518 265 4408,3
160,Christy,Itchingham,citchingham4f@t.co,802 586 2554,1
161,Odelia,Lawton,olawton4g@printfriendly.com,708 533 1021,2
162,Nate,Winchurch,nwinchurch4h@i2i.jp,983 346 2193,3
163,Brady,Reily,breily4i@slideshare.net,234 383 5225,1
164,Hersh,Pietraszek,hpietraszek4j@nytimes.com,704 195 1190,2
165,Chandler,Storie,cstorie4k@mayoclinic.com,626 409 2494,3
166,Dmitri,Seeler,dseeler4l@princeton.edu,851 439 9666,1
167,Candida,Blamires,cblamires4m@icio.us,817 245 6528,2
168,Cinda,Frape,cfrape4n@zimbio.com,823 153 6854,3
169,Maiga,Kettlestringe,mkettlestringe4o@nydailynews.com,916 286 4762,1
170,Hillard,Skamell,hskamell4p@businesswire.com,546 960 6044,2
171,Armstrong,Wardhaw,awardhaw4q@1und1.de,137 456 5067,3
172,Cesaro,Bautiste,cbautiste4r@creativecommons.org,619 998 3639,1
173,Gratiana,Mogg,gmogg4s@hatena.ne.jp,679 949 3499,2
174,Gerianne,Stopford,gstopford4t@gnu.org,913 400 9894,3
175,Zacherie,Ackrill,zackrill4u@disqus.com,837 436 8890,1
176,Rickie,Arunowicz,rarunowicz4v@prweb.com,442 831 3165,2
177,Iain,Siddens,isiddens4w@huffingtonpost.com,904 170 0816,3
178,Lissy,McGenn,lmcgenn4x@bloomberg.com,527 752 1260,1
179,Sheffield,McKane,smckane4y@deliciousdays.com,791 971 1835,2
180,Olympia,Haycroft,ohaycroft4z@techcrunch.com,622 721 4909,3
181,Taddeo,Kehoe,tkehoe50@sourceforge.net,968 369 8071,1
182,Orel,Domoney,odomoney51@google.co.uk,921 130 1813,2
183,Robby,McGivena,rmcgivena52@nps.gov,184 971 0255,3
184,Matti,Domniney,mdomniney53@chron.com,414 638 9222,1
185,Rinaldo,Aaron,raaron54@foxnews.com,939 852 6929,2
186,Mahalia,Sonnenschein,msonnenschein55@intel.com,798 619 1772,3
187,Bradney,Housin,bhousin56@examiner.com,868 814 5018,1
188,Alf,Glenn,aglenn57@exblog.jp,640 902 2255,2
189,Gard,Graeber,ggraeber58@netlog.com,893 362 1051,3
190,Raleigh,Lucia,rlucia59@utexas.edu,568 165 7256,1
191,Carena,Wolfit,cwolfit5a@va.gov,492 504 9089,2
192,Hilda,Kinde,hkinde5b@telegraph.co.uk,864 676 6391,3
193,Mallory,Agate,magate5c@tripadvisor.com,659 769 7776,1
194,Lynne,Brumbye,lbrumbye5d@ibm.com,303 559 7808,2
195,Ganny,Grubbe,ggrubbe5e@example.com,587 898 6706,3
196,Krishna,Downs,kdowns5f@vk.com,197 224 9963,1
197,Valerye,Tombleson,vtombleson5g@msu.edu,250 486 8848,2
198,Lynette,Gallyhaock,lgallyhaock5h@yandex.ru,938 716 9036,3
199,Nichol,Stembridge,nstembridge5i@arstechnica.com,781 769 5839,1
200,Conny,Beall,cbeall5j@alibaba.com,712 284 3762,2
201,Fredra,Sculley,fsculley5k@github.io,350 883 5785,3
202,Kiel,Rustedge,krustedge5l@furl.net,631 291 5877,1
203,Agace,Bigland,abigland5m@feedburner.com,527 493 4199,2
204,Asia,Milne,amilne5n@ucoz.ru,242 638 4858,3
205,Cleon,Habercham,chabercham5o@histats.com,511 830 8584,1
206,Mendie,Poley,mpoley5p@i2i.jp,695 698 3988,2
207,Celia,Fishleigh,cfishleigh5q@cpanel.net,805 294 2397,3
208,Lorilyn,Hedge,lhedge5r@skyrock.com,828 990 6574,1
209,Tristan,Proudlove,tproudlove5s@apple.com,281 799 9034,2
210,Luciano,Petegre,lpetegre5t@ucoz.ru,468 418 2902,3
211,Kass,Whales,kwhales5u@sourceforge.net,536 226 8233,1
212,Raquel,Haslock(e),rhaslocke5v@usgs.gov,669 941 4183,2
213,Evey,Mauditt,emauditt5w@edublogs.org,836 684 7370,3
214,Spence,Youster,syouster5x@squarespace.com,844 437 6610,1
215,Drusilla,Rallin,drallin5y@bloomberg.com,955 666 1953,2
216,Micky,Bussel,mbussel5z@sourceforge.net,142 886 8491,3
217,Jard,Spittal,jspittal60@shop-pro.jp,954 166 6654,1
218,Dominick,Farland,dfarland61@tuttocitta.it,396 530 6992,2
219,Micheal,Calan,mcalan62@wufoo.com,257 850 1143,3
220,Mic,Streatfeild,mstreatfeild63@rambler.ru,511 162 2557,1
221,Trevor,Rizzone,trizzone64@tinypic.com,475 482 5478,2
222,Annis,McCluney,amccluney65@cnn.com,447 931 2545,3
223,Raimondo,Jex,rjex66@google.co.jp,989 303 0433,1
224,Elinor,Rumin,erumin67@webs.com,385 857 0605,2
225,Sascha,Dubois,sdubois68@chronoengine.com,202 309 3744,3
226,Bernette,Zanetti,bzanetti69@nih.gov,581 931 9867,1
227,Manfred,Jon,mjon6a@mozilla.org,236 154 9356,2
228,Maryann,McPhillips,mmcphillips6b@merriam-webster.com,564 365 2890,3
229,Oona,Henrionot,ohenrionot6c@parallels.com,965 175 9006,1
230,Angie,Eick,aeick6d@ustream.tv,997 154 6419,2
231,Elnore,Toogood,etoogood6e@geocities.jp,549 339 9636,3
232,Stafford,Lobell,slobell6f@rediff.com,624 991 5305,1
233,Akim,Young,ayoung6g@microsoft.com,845 890 9889,2
234,Serge,Redihalgh,sredihalgh6h@artisteer.com,514 156 1122,3
235,Filmer,Kitteman,fkitteman6i@cafepress.com,302 936 0768,1
236,Hansiain,Greene,hgreene6j@live.com,391 584 3384,2
237,Nathaniel,Bravington,nbravington6k@sciencedaily.com,761 883 5702,3
238,Bryce,Tanser,btanser6l@taobao.com,624 268 4563,1
239,Anni,Binnion,abinnion6m@java.com,558 297 3607,2
240,Garold,McGreary,gmcgreary6n@friendfeed.com,960 983 9737,3
241,Liza,Hehl,lhehl6o@tmall.com,571 728 0897,1
242,Kellen,Rolfe,krolfe6p@angelfire.com,170 871 9163,2
243,Randi,Collihole,rcollihole6q@arizona.edu,672 546 3059,3
244,Delmor,Bouskill,dbouskill6r@nbcnews.com,450 345 0117,1
245,Charlene,Dovinson,cdovinson6s@nih.gov,570 129 7308,2
246,Marty,Hudel,mhudel6t@bizjournals.com,971 405 6859,3
247,Reeta,Tart,rtart6u@odnoklassniki.ru,594 612 5022,1
248,Valera,Amberger,vamberger6v@altervista.org,593 656 8412,2
249,Nicolai,Derks,nderks6w@wired.com,964 407 0343,3
250,Warner,Kubes,wkubes6x@jiathis.com,181 137 6126,1
